char	codepoint	byte	score	margin	status	confirmed	candidates
!	0021	21	0.963	0.544	sure		21 28 A0
"	0022	64	0.887	0.086	likely		64 76 4D
#	0023	D0	0.164	-0.195	doubtful		7B E4 39
$	0024	FE	0.920	0.626	likely		FE 57 26
%	0025	E4	0.271	0.000	doubtful		E4 AF 39
&	0026	76	0.864	0.076	likely		76 64 4D
'	0027	27	0.873	0.420	likely		27 D1 21
(	0028	28	0.958	0.530	sure		28 21 96
)	0029	29	0.931	0.610	likely		29 31 37
*	002A	7A	0.887	0.098	likely		7A 70 4B
+	002B	7B	0.961	0.709	sure		7B 34 26
,	002C	2C	0.939	0.365	likely		2C 2E A0
.	002E	2E	0.981	0.443	sure		2E 2C 3A
/	002F	E3	0.178	0.000	doubtful		E3 96 29
0	0030	30	0.960	0.293	sure		30 39 36
1	0031	31	0.926	0.626	likely		31 29 37
2	0032	32	0.953	0.435	sure		32 33 39
3	0033	33	0.919	0.215	likely		33 38 35
4	0034	34	0.964	0.590	sure		34 38 36
5	0035	35	0.945	0.325	likely		35 36 38
6	0036	36	0.935	0.279	likely		36 38 30
7	0037	37	0.940	0.541	likely		37 32 3F
8	0038	38	0.940	0.263	likely		38 33 36
9	0039	39	0.936	0.295	likely		39 30 38
:	003A	3A	0.947	0.435	likely		3A A0 2E
;	003B	A0	0.917	0.416	likely		A0 3A 2C
<	003C	70	0.869	0.096	likely		70 7A 63
=	003D	AB	0.684	0.312	doubtful		AB 26 E4
>	003E	6C	0.879	0.084	likely		6C 72 2A
?	003F	3F	0.900	0.572	likely		3F 32 37
@	0040	72	0.875	0.081	likely		72 6C 2A
A	0041	75	0.902	0.095	likely		75 66 60
B	0042	66	0.890	0.103	likely		66 75 62
C	0043	6B	0.896	0.105	likely		6B 6E 5E
D	0044	6E	0.887	0.085	likely		6E 6B 5E
E	0045	78	0.892	0.100	likely		78 68 71
F	0046	68	0.887	0.112	likely		68 78 67
G	0047	61	0.911	0.111	likely		61 63 83
H	0048	63	0.881	0.086	likely		63 61 70
I	0049	49	0.976	0.657	sure		49 3A 96
J	004A	69	0.914	0.116	likely		69 73 7E
K	004B	73	0.906	0.121	likely		73 69 7E
L	004C	65	0.893	0.094	likely		65 62 85
M	004D	62	0.885	0.092	likely		62 65 66
N	004E	71	0.892	0.108	likely		71 67 78
O	004F	67	0.877	0.100	likely		67 71 68
P	0050	74	0.917	0.113	likely		74 6A 89
Q	0051	6A	0.902	0.092	likely		6A 74 73
R	0052	6F	0.887	0.099	likely		6F 6D 88
S	0053	6D	0.856	0.067	likely		6D 6F 88
T	0054	79	0.899	0.118	likely		79 77 51
U	0055	77	0.880	0.114	likely		77 79 51
V	0056	41	0.893	0.207	likely		41 45 2A
W	0057	45	0.879	0.229	likely		45 41 2A
X	0058	4E	0.904	0.655	likely		4E 6A 66
Y	0059	47	0.887	0.501	likely		47 52 7A
Z	005A	52	0.870	0.483	likely		52 47 40
[	005B	24	0.928	0.567	likely		24 E6 43
\	005C	F8	0.947	0.692	likely		F8 24 43
]	005D	96	0.201	0.000	doubtful		96 97 51
^	005E	9A	0.902	0.444	likely		9A D6 9C
_	005F	BE	0.867	0.597	likely		BE FB BB
`	0060	C9	0.899	0.605	likely		C9 DD D6
a	0061	F3	0.899	0.378	likely		F3 C4 9E
b	0062	FB	0.919	0.461	likely		FB 93 9A
c	0063	FD	0.864	0.519	likely		FD E2 FB
d	0064	93	0.879	0.413	likely		93 FB 9A
e	0065	BB	0.850	0.485	likely		BB DB ED
f	0066	DB	0.887	0.370	likely		DB 9C ED
g	0067	E2	0.866	0.473	likely		E2 C1 DB
h	0068	EB	0.955	0.593	sure		EB E1 D8
i	0069	D8	0.850	0.450	likely		D8 E1 EB
j	006A	E1	0.900	0.524	likely		E1 D8 EB
k	006B	E5	0.805	0.782	likely		E5 9D 9A
l	006C	ED	0.858	0.305	likely		ED 9C 5D
m	006D	9C	0.911	0.368	likely		9C D6 ED
n	006E	D6	0.869	0.334	likely		D6 9C 9A
o	006F	DF	0.920	0.566	likely		DF 43 E6
p	0070	E6	0.903	0.359	likely		E6 9E 43
q	0071	9E	0.905	0.392	likely		9E E6 F3
r	0072	43	0.901	0.495	likely		43 E6 DF
s	0073	C4	0.931	0.401	likely		C4 F3 E6
t	0074	E0	0.905	0.407	likely		E0 3B BC
u	0075	BC	0.919	0.496	likely		BC DE E0
v	0076	E3	0.994	0.728	sure		E3 49 A2
w	0077	A2	0.954	0.786	sure		A2 49 E3
x	0078	C1	0.924	0.546	likely		C1 E2 93
y	0079	DE	0.912	0.454	likely		DE BC E6
z	007A	C5	0.928	0.594	likely		C5 A4 24
{	007B	C2	0.918	0.661	likely		C2 C9 DD
|	007C	DD	0.943	0.647	likely		DD C9 D6
}	007D	A4	0.919	0.552	likely		A4 C5 24
~	007E	C6	0.928	0.609	likely		C6 3B C1
 	00A0	45	0.128	0.000	doubtful		45 44 54
¡	00A1	D7	0.820	0.339	likely		D7 92 9B
¢	00A2	22	0.912	0.056	likely		22 84 82
£	00A3	82	0.911	0.082	likely		82 22 84
¤	00A4	F4	0.937	0.448	likely		F4 EE EB
¥	00A5	9D	0.932	0.875	likely		9D D6 9C
§	00A7	87	0.898	0.183	likely		87 91 5A
¨	00A8	89	0.908	0.524	likely		89 E4 74
©	00A9	81	0.910	0.040	likely		81 85 4A
ª	00AA	C7	0.873	0.229	likely		C7 C8 CE
«	00AB	EC	0.905	0.189	likely		EC F0 A7
¬	00AC	EA	0.875	0.179	likely		EA 8C A5
®	00AE	7E	0.928	0.050	likely		7E 4F 69
¯	00AF	BF	0.855	0.264	likely		BF BA F1
°	00B0	84	0.921	0.058	likely		84 22 82
±	00B1	8E	0.917	0.337	likely		8E 50 5C
´	00B4	3D	0.897	0.196	likely		3D 23 22
µ	00B5	8F	0.907	0.125	likely		8F A6 8A
¶	00B6	83	0.918	0.121	likely		83 7C 58
·	00B7	F2	0.922	0.168	likely		F2 AD FC
¸	00B8	98	0.895	0.320	likely		98 9F B7
º	00BA	92	0.863	0.320	likely		92 A1 9B
»	00BB	A7	0.821	0.081	likely		A7 8C EA
¿	00BF	CE	0.867	0.055	likely		CE C8 C7
À	00C0	F7	0.793	0.177	doubtful		F7 A9 B7
Á	00C1	B3	0.735	0.045	doubtful		B3 FF CD
Â	00C2	CC	0.800	0.189	doubtful		CC C0 EF
Ã	00C3	A9	0.798	0.219	doubtful		A9 F7 B7
Ä	00C4	5D	0.870	0.517	likely		5D ED BB
Å	00C5	4A	0.902	0.249	likely		4A 50 85
Æ	00C6	8B	0.918	0.110	likely		8B 3C 84
Ç	00C7	50	0.910	0.256	likely		50 4A 8E
È	00C8	EF	0.728	0.127	doubtful		EF F6 CC
É	00C9	57	0.918	0.270	likely		57 26 E4
Ê	00CA	C0	0.816	0.228	likely		C0 CC F6
Ë	00CB	CD	0.776	0.126	doubtful		CD E8 B3
Ì	00CC	F9	0.851	0.143	likely		F9 CB B8
Í	00CD	F6	0.783	0.229	doubtful		F6 EF C0
Î	00CE	DC	0.878	0.222	likely		DC FF F5
Ï	00CF	F5	0.890	0.243	likely		F5 DC E8
Ñ	00D1	44	0.890	0.585	likely		44 54 E4
Ò	00D2	DA	0.900	0.142	likely		DA E9 A8
Ó	00D3	CB	0.843	0.159	likely		CB F9 B8
Ô	00D4	E7	0.867	0.056	likely		E7 B8 D5
Õ	00D5	8D	0.826	0.179	likely		8D 99 B7
Ö	00D6	4C	0.933	0.390	likely		4C 54 40
Ø	00D8	3C	0.909	0.089	likely		3C 8B 22
Ù	00D9	D9	0.855	0.125	likely		D9 B8 D5
Ú	00DA	E9	0.903	0.157	likely		E9 DA A8
Û	00DB	B8	0.901	0.174	likely		B8 D9 E7
Ü	00DC	54	0.870	0.382	likely		54 4C 40
ß	00DF	86	0.889	0.335	likely		86 4F 7E
à	00E0	55	0.891	0.173	likely		55 5A 67
á	00E1	5A	0.901	0.168	likely		5A 55 87
â	00E2	53	0.905	0.299	likely		53 7C 83
ã	00E3	46	0.911	0.141	likely		46 58 83
ä	00E4	58	0.930	0.167	likely		58 46 83
å	00E5	42	0.914	0.485	likely		42 61 63
æ	00E6	AC	0.791	0.589	doubtful		AC 8D B9
ç	00E7	4F	0.942	0.071	likely		4F 7E 69
è	00E8	E4	0.944	0.099	likely		E4 48 7E
é	00E9	48	0.933	-0.018	doubtful		E4 48 4F
ê	00EA	59	0.917	0.067	likely		59 4D 64
ë	00EB	4D	0.896	0.070	likely		4D 59 64
ì	00EC	56	0.937	0.239	likely		56 58 7C
í	00ED	51	0.909	0.370	likely		51 79 77
î	00EE	4B	0.903	0.379	likely		4B 7A 70
ï	00EF	5B	0.911	0.036	likely		5B 2A 6C
ñ	00F1	2A	0.924	0.043	likely		2A 5B 83
ò	00F2	26	0.936	0.296	likely		26 57 53
ó	00F3	AD	0.916	0.128	likely		AD F2 FC
ô	00F4	40	0.935	0.089	likely		40 5C 3E
õ	00F5	3E	0.912	0.201	likely		3E 5C 40
ö	00F6	5C	0.929	0.099	likely		5C 40 3E
÷	00F7	B6	0.936	0.012	likely		B6 AF B4
ø	00F8	C8	0.881	0.072	likely		C8 CE C7
ù	00F9	7D	0.925	0.492	likely		7D 7C 8E
ú	00FA	5F	0.924	0.179	likely		5F 5E 6B
û	00FB	60	0.905	0.345	likely		60 75 66
ü	00FC	5E	0.922	0.199	likely		5E 5F 6B
ÿ	00FF	80	0.918	0.292	likely		80 AF BD
ı	0131	D2	0.838	0.156	likely		D2 BA F1
Œ	0152	99	0.825	0.209	likely		99 8D B7
œ	0153	B2	0.802	0.220	likely		B2 D4 B9
Ÿ	0178	C3	0.944	0.232	likely		C3 B0 B5
ƒ	0192	90	0.942	0.266	likely		90 EA 8C
ˆ	02C6	F1	0.878	0.254	likely		F1 D2 BA
ˇ	02C7	B9	0.735	0.393	doubtful		B9 A3 B7
ˉ	02C9	BF	0.855	0.000	duplicate		BF BA F1
˘	02D8	CF	0.925	0.286	likely		CF A5 A8
˙	02D9	B1	0.759	0.190	doubtful		B1 B7 9F
˚	02DA	B7	0.884	0.269	likely		B7 9F B1
˛	02DB	A3	0.762	0.200	doubtful		A3 B7 9F
˜	02DC	BA	0.887	0.231	likely		BA D2 F1
˝	02DD	9F	0.774	0.032	doubtful		9F B7 A3
Δ	0394	A5	0.922	0.073	likely		A5 A8 CF
Ω	03A9	A1	0.818	0.117	likely		A1 AE 9B
μ	03BC	8F	0.907	0.000	duplicate		8F A6 8A
π	03C0	9B	0.841	0.097	likely		9B AE A1
–	2013	2D	0.793	0.000	doubtful	89	2D D0 89
—	2014	D1	0.851	0.403	likely		D1 27 21
‘	2018	D4	0.781	0.228	doubtful		D4 B2 B9
’	2019	B0	0.934	0.216	likely		B0 C3 B5
‚	201A	FC	0.892	0.287	likely		FC F2 AD
“	201C	96	0.953	0.531	sure		96 7E 4F
”	201D	97	0.905	0.586	likely		97 B5 B0
„	201E	FF	0.856	0.197	likely		FF E8 B3
†	2020	23	0.868	0.169	likely		23 3D 3C
‡	2021	AF	0.924	0.193	likely		AF B6 B4
•	2022	7C	0.911	0.096	likely		7C 83 58
…	2026	F0	0.899	0.184	likely		F0 EC A7
‰	2030	E8	0.860	0.220	likely		E8 FF CD
‹	2039	EE	0.908	0.411	likely		EE F4 E4
›	203A	95	0.897	0.353	likely		95 FA EC
⁄	2044	B4	0.902	0.149	likely		B4 B6 AF
™	2122	85	0.931	0.096	likely		85 81 4A
Ω	2126	A1	0.818	0.000	duplicate		A1 AE 9B
∂	2202	A6	0.850	0.066	likely		A6 8F 8A
∆	2206	A5	0.922	0.000	duplicate		A5 A8 CF
∏	220F	94	0.906	0.784	likely		94 8A BD
∑	2211	8A	0.834	0.320	likely		8A A6 8F
∕	2215	3B	0.090	-0.811	doubtful		B4 B6 AF
∙	2219	F2	0.922	0.000	duplicate		F2 AD FC
√	221A	8C	0.877	0.129	likely		8C EA A7
∞	221E	88	0.930	0.377	likely		88 E4 6F
∫	222B	AE	0.851	0.136	likely		AE 9B A1
≈	2248	A8	0.886	0.071	likely		A8 A5 CF
≠	2260	2B	0.902	0.138	likely		2B 84 82
≤	2264	AA	0.874	0.289	likely		AA 87 91
≥	2265	91	0.884	0.134	likely		91 87 5A
◊	25CA	BD	0.908	0.319	likely		BD 80 B5
	F8FF	D5	0.855	0.133	likely		D5 E7 B8
ﬁ	FB01	FA	0.879	0.302	likely		FA 95 FC
ﬂ	FB02	B5	0.936	0.232	likely		B5 B0 C3
