shape_id	name
21	ద
36	్పు
50	డు
56	ం
78	చు
129	∅
147	∅
205	◌ె
221	∅
236	ఁ
249	ర్గ
297	డు
318	్‌పు
365	్ష
372	వీ
380	ీ
410	ఁ
444	బె
445	ఱ
453	ఱి
488	పొ
491	ఎ
505	చు
511	∅
526	ఊ
535	వా
536	ర్ధ
540	చు
547	ఱ
561	చే
600	రే
1144	.
1278	గ్గు
1306	∅
1309	చు
1323	డు
1328	ఱ
1376	పొ
1383	∅
1444	పొ
1508	∅
1575	జు
1578	ి
1609	జు
1650	∅
1686	తీ
1697	ఆ
1699	ఱ
1741	ద్ద
1766	∅
1768	గీ
1794	ఎ
1815	-
1821	న
1885	్‌క్ష
1911	జే
1931	ఱు
1949	ీ
1958	ఱు
1966	దా
1969	రా
1974	∅
1994	ఁ
2064	మూ
2112	్పు
2116	డ్డి
2119	(
2121	అ
2136	జి
2137	ే
2162	◌ె
2245	ద్దు
2248	రా
2254	∅
2266	ౖ
2284	చే
2285	ఁ
2308	∅
2335	పొ
2337	డు
2339	స
2352	మో
2356	మ
2359	∅
2365	ట
2368	తో
2369	జే
2398	ఊ
2422	ఱు
2431	∅
2438	్‌ఱ
2481	ఱ
2485	శ
2513	∅
2558	చు
2587	నో
2598	ౖ
2601	్చ
2602	సొ
2606	∅
2897	∅
2898	∅
2934	ఁ
3046	ఱు
3072	డు
3087	ఁ
3205	ఱు
3214	డ్డి
3282	డ్డు
3386	్‌ధ
3421	ఱ
3751	∅
3767	ం
3889	ఎ
3918	◌ె
4092	డి
4287	్‌ష
4546	∅
4613	ర
4626	ఱు
4646	ఱ
5140	వా
5271	్‌ర
5436	ం
5441	ం
