glyph	name	unicode
∞	u_hook	ు
=	va_base	వ
#	na_base	న
«	tick_ta	∅
¨	tick_pa	∅
~	ra_base	ర
Ú	double_hook	ు
O	anusvara	ం
^	da_base	ద
°	tick_ra	∅
`	ta_base	త
H	ka_base	క
Å	la_base	ల
õ	tick_ka	∅
_	dda_base	డ
Ñ	pa_base	ప
Œ	tick_da	∅
å	aa_hand	ా
x	ni	ని
K	ca_base	చ
ã	sa_base	స
»	tick_dda	∅
Ü	ya_base	య
è	stroke_low	
.	period	.
≥	e_hook	ె
Q	ga_base	గ
Õ	ee_hook	ే
J	a_vowel	అ
„	ra_vattu	◌్ర
,	comma	,
Ï	aa_long	ా
‰	ka_base	క
"	va_base	వ
Ω	u_hook	ు
∂	hook_aa	ూ
i	ri	రి
Í	aa_hand	ా
º	sub_ya	్య
<	na_base	న
Ç	ha_base	హ
Ù	u_round	ు
≤	i_hook	ి
Æ	tick_ga	∅
â	sha_base	శ
q	vi	వి
À	oo_hook	ో
z	ci	చి
É	ba_base	బ
◊	tick_sha	∅
@	tta_base	ట
ê	aa_hand	ా
Ö	la_base	ల
k	di	ది
á	pa_base	ప
ﬂ	sub_na	్న
‡	sub_ma	్మ
·	ai_tail	ౖ
P	aa_vowel	ఆ
˜	i_hook	ి
'	quote_open	‘
ﬁ	sub_va	్వ
u	ti	తి
[	ja_base	జ
Î	sub_ta	్త
+	ssa_base	ష
—	quote_close	’
}	nna_base	ణ
e	li	లి
$	ri_sign	ృ
•	aa_hand	ా
˘	o_hook	ొ
Û	sub_ca	్చ
ç	i_hook	ి
|	ba_base	బ
Δ	sub_ssa	్ష
í	tick_bha	∅
h	nii	నీ
	aa_hand	ా
’	oo_hook	ో
Ô	e_hook_pre	◌ె
W	i_vowel	ఇ
¡	sub_la	్ల
A	ju	జు
ì	sub_tta	్ట
Ê	sub_pa	్ప
™	sa_base	స
!	exclamation	!
ˇ	e_hook	ె
*	ja_base	జ
Ã	e_hook_pre	◌ె
y	gi	గి
¯	sub_ka	్క
L	u_vowel	ఉ
g	vii	వీ
ÿ	ai_tail	ౖ
1	digit_1	1
Ë	ee_hook	ే
\	tta_base	ట
÷	sub_tha	్థ
c	bii	బీ
μ	u_hook	ు
2	digit_2	2
˚	sub_ja	్జ
‚	sub_nna	్ణ
t	shi	శి
f	tii	తీ
ú	sub_dha	్ధ
¿	ee_hook_pre	◌ే
È	oo_hook	ో
ß	aa_hand	ా
û	sub_sa	్స
˝	sub_nya	్ఞ
Ì	sub_da	్ద
3	digit_3	3
ˆ	ee_hook_pre	◌ే
√	u_hook	ు
⁄	o_hook	ొ
Y	kha_base	ఖ
ä	stroke_mid	
Ä	uu_hook	ూ
?	question	?
X	o_vowel	ఒ
D	ii_vowel	ఈ
æ	sub_ga	్గ
®	aa_hand	ా
a	bi	బి
4	digit_4	4
5	digit_5	5
©	ii_hook	ీ
‘	ii_hook	ీ
7	digit_7	7
6	digit_6	6
Ò	au_hook	ౌ
¬	sub_ssa	్ష
n	dii	దీ
0	digit_0	0
9	digit_9	9
8	digit_8	8
ù	sub_stroke	
Ó	uu_hook	ూ
¸	uu_wide	ూ
s	rii	రీ
¢	ra_vattu	◌్ర
¶	stroke_dot	
G	sa_ta_ra	స్త్ర
“	au_hook	ౌ
F	oo_vowel	ఓ
à	lla_base	ళ
Z	e_vowel	ఎ
ï	u_hook	ు
j	shii	శీ
ƒ	sub_ba	్బ
ë	ssa_base	ష
≈	sub_sha	్శ
l	ji	జి
ó	visarga	ః
w	gii	గీ
)	paren_close	)
M	kha_base	ఖ
-	hyphen	-
ª	sub_ttha	్ఠ
œ	au_hook	ౌ
ı	ee_hook	ే
r	jii	జీ
¥	uu_hook	ూ
:	colon	:
U	ee_vowel	ఏ
¤	sub_dda	్డ
>	tta_base	ట
S	ai_vowel	ఐ
E	juu	జూ
Ÿ	oo_hook	ో
î	inner_dot	
;	sub_ssa_ma	్ష్మ
…	sub_gha	్ఘ
p	cii	చీ
T	uu_vowel	ఊ
›	sub_ha	్హ
o	lli	ళి
∫	au_hook	ౌ
Á	o_hook	ొ
ø	au_hook	ౌ
d	khi	ఖి
b	lii	లీ
(	paren_open	(
R	ssa_tta_ra	ష్ట్ర
ô	ii_hook	ీ
é	rra_base	ఱ
]	sub_rra	్ఱ
B	au_vowel	ఔ
N	shri	శ్రీ
Â	ai_tail	ౖ
{	plus	+
‹	e_hook	ె
ò	virama	్‌
˙	uu_hook	ూ
†	semicolon	;
ö	sub_kha	్ఖ
m	llii	ళీ
ü	virama	్‌
≠	jha_tail	
V	nga_base	ఙ
£	virama	్‌
±	virama	్‌
v	khii	ఖీ
 	ampersand	&
´	equals	=
ñ	arasunna	ఁ
µ	u_hook_sub	ు
I	bar	|
§	sub_lla	్ళ
C	sub_pa_u	్పు
π	virama	్‌
∑	virama	్‌
/	slash	/
%	percent	%
Ø	blank	 
